event_id,source,title,url,publish_time,author,content,like_count,share_count,comment_count,read_count
0,腾讯网,关注！超强台风康妮即将到来！它将如何发展？,https://view.inews.qq.com/a/20241031V00O5A00,2024-10-31 01:27:51,东风58号,,,,,
1,腾讯网,40年海水鱼产量增长200倍！我们吃的海鲜是怎么丰盛起来的｜这时乡村,https://view.inews.qq.com/a/20241030V06SJS00,2024-10-31 14:53:54,一起来唠科,"我国的近海养殖目前基本上已经饱和了，如果我们把15-40米水深的海域充分利用起来，就有6亿亩之多，产值相当于24亿亩耕地。
我国的近海养殖目前基本上已经饱和了，如果我们把15-40米水深的海域充分利用起来，就有6亿亩之多，产值相当于24亿亩耕地。
",,,,
2,腾讯网,超强台风“康妮”逼近！为什么台风越美丽越危险？,https://view.inews.qq.com/a/20241030V066OJ00,2024-10-31 07:00:00,定真科普时间,超强台风“康妮”来势汹汹，东南沿海警惕！为什么云图上看着越美丽的台风，往往也越危险？超强台风“康妮”来势汹汹，东南沿海警惕！为什么云图上看着越美丽的台风，往往也越危险？,,,,
3,腾讯网,8分钟记录636天：12种植物的生长历程,https://view.inews.qq.com/a/20241031V029JP00,2024-10-31 09:40:14,时五六,8分钟记录636天：12种植物的生长历程8分钟记录636天：12种植物的生长历程,,,,
4,腾讯网,北京九旬老人离家未归被搜救犬找回，汪汪队如何找到失踪者？,https://view.inews.qq.com/a/20241030V0AMR700,2024-10-31 09:44:35,explorer羽睿,,,,,
5,腾讯网,“紫金山-阿特拉斯彗星”下次什么时候来地球？,https://view.inews.qq.com/a/20241029V08ZEX00,2024-10-30 09:31:29,地理沙龙,六万多年前，“紫金山-阿特拉斯彗星”来访地球时，人类还在茹毛饮血；今天它来访的时候，人类已经孕育出了现代文明；等六万多年后，“紫金山-阿特拉斯彗星”再次造访地球时，人类文明将会发展到怎样的地步呢？六万多年前，“紫金山-阿特拉斯彗星”来访地球时，人类还在茹毛饮血；今天它来访的时候，人类已经孕育出了现代文明；等六万多年后，“紫金山-阿特拉斯彗星”再次造访地球时，人类文明将会发展到怎样的地步呢？,,,,
6,腾讯网,黑龙江水系到底有多猛，今天的黑龙江存在感为何不强呢？,https://view.inews.qq.com/a/20241029V02DGK00,2024-10-30 14:29:23,地球味儿,,,,,
7,腾讯网,雾和霾的出现多是因为大气层出现了逆温现象，那逆温是如何形成的呢？,https://view.inews.qq.com/a/20241029V02VCE00,2024-10-30 09:19:23,定真科普时间,"我们都知道对流层的气温随海拔上升而降低，但有时候却会出现一种异常现象——逆温，海拔上升气温也上升。逆温可以分为辐射逆温、下沉逆温、地形逆温、湍流逆温、平流逆温。逆温的出现往往容易出现雾和霾。
我们都知道对流层的气温随海拔上升而降低，但有时候却会出现一种异常现象——逆温，海拔上升气温也上升。逆温可以分为辐射逆温、下沉逆温、地形逆温、湍流逆温、平流逆温。逆温的出现往往容易出现雾和霾。
",,,,
8,腾讯网,野猪侵入高铁致机械师撞亡，南京猪患有多难治？为何不能一毙了之,https://view.inews.qq.com/a/20241030V00KAY00,2024-10-30 09:22:54,explorer羽睿,,,,,
9,腾讯网,北京跟踪拍摄：见证历史，看神舟十九号顺利发射仿佛金蝉脱壳,https://view.inews.qq.com/a/20241030V042B900,2024-10-30 11:43:23,天体物理博士刘博洋,"神十九升空过程中过境华北平原，二级主机关机、交棒给游机，继续托举神舟飞船进入轨道；从北京远眺，紫色火焰的“大弓形”一瞬间突变为“小弓形”，仿佛金蝉脱壳。

天气虽不尽理想但万幸可用，我在北京延庆记录下了这一过程。神十九升空过程中过境华北平原，二级主机关机、交棒给游机，继续托举神舟飞船进入轨道；从北京远眺，紫色火焰的“大弓形”一瞬间突变为“小弓形”，仿佛金蝉脱壳。

天气虽不尽理想但万幸可用，我在北京延庆记录下了这一过程。",,,,
10,腾讯网,乔任梁父母回应儿子“死因及遗体传闻”，呼吁不信谣不传谣，乔任梁好友也发声,https://view.inews.qq.com/a/20241031V04EWG00,2024-10-31 12:27:32,星知道,,,,,
11,腾讯网,侯明昊被陈好贴脸开大，花学语录再更新：咱们有钱但你们不想吃,https://view.inews.qq.com/a/20241031V02SBN00,2024-10-31 10:21:01,抓马星娱,,,,,
12,腾讯网,虞书欣丁禹兮穿书攻略，《永夜星河》好带感！,https://view.inews.qq.com/a/20241031V02H3S00,2024-10-31 09:58:43,透明的三三,虞书欣丁禹兮：永夜星河虞书欣丁禹兮：永夜星河,,,,
13,腾讯网,林依晨回应与言承旭的世纪同框，浪漫表示：心动的样貌永远不会变,https://view.inews.qq.com/a/20241030V08ZTR00,2024-10-31 09:55:00,阿欢的名单,,,,,
14,腾讯网,古偶剧不再需要大量配音后，00后新人就业难，机会少，底层群杂都难得,https://view.inews.qq.com/a/20241031V00U3800,2024-10-31 09:00:00,贵圈见证实录,,,,,
15,腾讯网,刘晓庆70多了还恋爱，网友改编一曲《怒放的生命》，唱出她的心声,https://view.inews.qq.com/a/20241031V00XPV00,2024-10-31 05:14:22,歌词改编大神,,,,,
16,腾讯网,11月观影指南：想看的不少，能卖的不多！,https://view.inews.qq.com/a/20241030V0AGFD00,2024-10-30 22:58:31,蛋蛋秀,,,,,
17,腾讯网,周雨彤礼物受害者联盟：金晨、龚俊、吴磊…个个有苦说不出,https://view.inews.qq.com/a/20241030V08UFY00,2024-10-30 21:30:00,古那拉,,,,,
18,腾讯网,《春花焰》大结局全员be，眉林大婚后毒发身亡，慕容璟和孤独终老未再娶妻,https://view.inews.qq.com/a/20241030V09X1K00,2024-10-30 21:39:10,贵圈星娱,,,,,
19,腾讯网,2025年第九届亚冬会会歌《尔滨的雪》发布——易烊千玺、单依纯青春演绎,https://view.inews.qq.com/a/20241030V09GZO00,2024-10-30 20:42:36,央视频,,,,,
20,腾讯网,血压高了吃点药，不高就挺一挺，看到这种并发症之后，您还敢吗？,https://view.inews.qq.com/a/20241031V04P2700,2024-10-31 13:10:18,神外医生张伟,,,,,
21,腾讯网,亲人在世时充分表达、宣泄，是为了减少离开后的悲伤 | 柔软的死亡,https://view.inews.qq.com/a/20241030V0AAAZ00,2024-10-31 10:00:00,王大仔一直都在,亲人在世时充分表达、宣泄，是为了减少离开后的悲伤亲人在世时充分表达、宣泄，是为了减少离开后的悲伤,,,,
22,腾讯网,OK镜真的能矫正视力吗？,https://view.inews.qq.com/a/20241029V02MIK00,2024-10-31 11:00:00,腾讯医典,OK镜真的能矫正视力吗？OK镜真的能矫正视力吗？,,,,
23,腾讯网,阜外医院完成全国首例新一代全磁悬浮人工心脏植入,https://view.inews.qq.com/a/20241031V03M0E00,2024-10-31 11:17:00,人民日报健康客户端,2024年10月28日，中国医学科学院阜外医院胡盛寿院士团队为一位71岁的心衰患者实施了HeartMate3人工心脏植入手术。HeartMate3是最新一代全磁悬浮左心室辅助装置，该技术可降低患者术后的血栓、中风风险，患者术后不必服用阿司匹林。据悉，该人工心脏于今年7月获得国家药品监督管理局批准。2024年10月28日，中国医学科学院阜外医院胡盛寿院士团队为一位71岁的心衰患者实施了HeartMate3人工心脏植入手术。HeartMate3是最新一代全磁悬浮左心室辅助装置，该技术可降低患者术后的血栓、中风风险，患者术后不必服用阿司匹林。据悉，该人工心脏于今年7月获得国家药品监督管理局批准。,,,,
24,腾讯网,他捐献的角膜在看着我，骨灰海撒了，有水的地方他都在 | 柔软的死亡,https://view.inews.qq.com/a/20241030V0AAV800,2024-10-31 10:00:00,王大仔一直都在,妻子：他捐献的角膜在看着我，骨灰海撒了有水的地方他都在妻子：他捐献的角膜在看着我，骨灰海撒了有水的地方他都在,,,,
25,腾讯网,亚洲乳腺癌激增高脂饮食或是幕后杀手，三类高危人群需警惕|鹅问新知,https://view.inews.qq.com/a/20241030V05ZFO00,2024-10-30 15:34:51,鹅滴医生,,,,,
26,腾讯网,我们需要担心猴痘吗？金冬雁：这几点普通人要门清｜对话大师,https://view.inews.qq.com/a/20241028V0430400,2024-10-30 10:00:00,一起来唠科,,,,,
27,腾讯网,方贻儒：双相障碍应早识别、早诊断、早干预｜柳叶刀脑健康 ,https://view.inews.qq.com/a/20241030V033VM00,2024-10-30 10:49:45,柳叶刀TheLancet,脑健康是《柳叶刀》系列期刊2024年关注的重点话题之一。上海交通大学医学院附属瑞金医院方贻儒教授就中国在双相障碍治疗和研究方面的工作进行了回顾和展望，并对中国精神卫生服务面临的需求和挑战以及临床研究中科研诚信和伦理监管等相关问题提出了见解和思考。脑健康是《柳叶刀》系列期刊2024年关注的重点话题之一。上海交通大学医学院附属瑞金医院方贻儒教授就中国在双相障碍治疗和研究方面的工作进行了回顾和展望，并对中国精神卫生服务面临的需求和挑战以及临床研究中科研诚信和伦理监管等相关问题提出了见解和思考。,,,,
28,腾讯网,老年人在冬季为何更容易患上心脑血管疾病？医生：这5个因素是关键,https://view.inews.qq.com/a/20241030V04MMQ00,2024-10-30 12:41:02,神外医生张伟,,,,,
29,腾讯网,气候变化正在加剧疟疾的“完美风暴”,https://view.inews.qq.com/a/20241030V04RBW00,2024-10-30 13:02:53,知识分子,,,,,
30,腾讯网,想要考研某学校，需要考多少分，如何判断？,https://view.inews.qq.com/a/20241031V01O2Y00,2024-10-31 08:37:37,陈晟老师课堂,想要考研某学校，需要考多少分，如何判断？想要考研某学校，需要考多少分，如何判断？,,,,
31,腾讯网,考研目标院校报考人数翻倍，很焦虑怎么办？,https://view.inews.qq.com/a/20241030V01ZQ700,2024-10-30 18:00:00,短发学姐孟小果,4个有效应对方法。4个有效应对方法。,,,,
32,腾讯网,班主任退休后，才敢告诉你的小学真相,https://view.inews.qq.com/a/20241028V051JF00,2024-10-30 11:00:00,蓁蓁心理抚养,"真后悔孩子六年级了，才知道这些小学真相，时间不等人，六年时间转瞬即逝！
如果你家有小学生，希望这些班主任退休后，才敢分享的真相，能帮到你！真后悔孩子六年级了，才知道这些小学真相，时间不等人，六年时间转瞬即逝！
如果你家有小学生，希望这些班主任退休后，才敢分享的真相，能帮到你！",,,,
33,腾讯网,每一个表现异常的孩子，都来自“病得不轻”的家庭,https://view.inews.qq.com/a/20241028V08DKE00,2024-10-29 08:00:01,奥叔,如果家长认为一个孩子有心理疾病，实际上孩子往往是家里症状最轻的那个。治愈孩子之前先治愈自己，这句话说起来很简单，现实中最可怕的是，家长一直想治疗孩子的心理疾病，却从没想过自身行为是否存在问题。如果家长认为一个孩子有心理疾病，实际上孩子往往是家里症状最轻的那个。治愈孩子之前先治愈自己，这句话说起来很简单，现实中最可怕的是，家长一直想治疗孩子的心理疾病，却从没想过自身行为是否存在问题。,,,,
34,腾讯网,孩子犯错先别否定，冷静下来再和他沟通,https://view.inews.qq.com/a/20241028V04PH100,2024-10-28 13:49:07,人文清华,清华老师蒙克分享和孩子相处，需要沟通技巧。清华老师蒙克分享和孩子相处，需要沟通技巧。,,,,
35,腾讯网,如何引导青春期孩子，正确认识生理变化，培养健康两性观念？,https://view.inews.qq.com/a/20241024V09OKR00,2024-10-25 08:00:00,奥叔,从家庭教育来看，引导孩子正确面对自己的生理变化，培养健康的两性观念，是家长在孩子成长过程中的一项重要任务。从家庭教育来看，引导孩子正确面对自己的生理变化，培养健康的两性观念，是家长在孩子成长过程中的一项重要任务。,,,,
36,腾讯网,考研病了10多天，还能上岸吗？,https://view.inews.qq.com/a/20241024V02UN200,2024-10-24 18:30:00,短发学姐孟小果,如何快速恢复学习？如何快速恢复学习？,,,,
37,腾讯网,面对睡眠困难户，家长有什么好办法？,https://view.inews.qq.com/a/20241023V05BO800,2024-10-23 19:00:00,蓁蓁心理抚养,如果宝宝就是不想回卧室，那就让他在客厅、沙发上入睡。如果宝宝就是不想回卧室，那就让他在客厅、沙发上入睡。,,,,
38,腾讯网,考上大学却放弃入学，他们是怎么回事？除了学费高还有两因素,https://view.inews.qq.com/a/20241022V06AAO00,2024-10-22 16:52:52,教育老黄牛谢志春,辛辛苦苦12年寒窗苦读，终于考上大学了，结果已经开学两个月了，还不见报到的人影。广东多所高校公布了2024级录取新生拟放弃入学资格的名单，其中广东白云学院就有1477名新生放弃入学。这到底是怎么回事呢？辛辛苦苦12年寒窗苦读，终于考上大学了，结果已经开学两个月了，还不见报到的人影。广东多所高校公布了2024级录取新生拟放弃入学资格的名单，其中广东白云学院就有1477名新生放弃入学。这到底是怎么回事呢？,,,,
39,腾讯网,报考我考研目标院校的人很多，怎么办？,https://view.inews.qq.com/a/20241021V02SZL00,2024-10-21 18:30:00,短发学姐孟小果,报录比低也不意味着好考。报录比低也不意味着好考。,,,,
40,腾讯网,美媒：中国拿下5个关键技术领先，美国围堵战略正面临失败,https://view.inews.qq.com/a/20241030V09ZEV00,2024-10-31 08:00:00,环球时报热点,自前总统特朗普在2018年对中国挥舞关税大棒以来，美国已经对中国恶意实施了长达6年之久的关税政策、出口管制和金融制裁。自前总统特朗普在2018年对中国挥舞关税大棒以来，美国已经对中国恶意实施了长达6年之久的关税政策、出口管制和金融制裁。,,,,
41,腾讯网,载人航天工程总设计师：中国航天已进入航班化状态,https://view.inews.qq.com/a/20241031V035YA00,2024-10-31 10:46:09,海客新闻,昨天，神十九载人飞船成功发射，两个乘组完成第五次太空会师。中国载人航天工程总设计师周建平表示，神舟载人、天舟货运都已进入航班化状态，空间站科学研究会带来更多惊喜。昨天，神十九载人飞船成功发射，两个乘组完成第五次太空会师。中国载人航天工程总设计师周建平表示，神舟载人、天舟货运都已进入航班化状态，空间站科学研究会带来更多惊喜。,,,,
42,腾讯网,人贩子道歉竟然说“添麻烦了” 《失孤》原型案庭审现场一幕曝光,https://view.inews.qq.com/a/20241031V01MJ300,2024-10-31 08:32:08,海客见闻,10月30日下午，电影《失孤》原型被拐案二审宣判，驳回上诉，维持原判。被告人呼富吉犯拐卖儿童罪，判处死刑，缓期二年执行，剥夺政治权利终身，并处没收个人全部财产，对被告人呼富吉限制减刑。被告人唐立霞犯拐卖儿童罪，判处无期徒刑，剥夺政治权利终身，并处没收个人全部财产。10月30日下午，电影《失孤》原型被拐案二审宣判，驳回上诉，维持原判。被告人呼富吉犯拐卖儿童罪，判处死刑，缓期二年执行，剥夺政治权利终身，并处没收个人全部财产，对被告人呼富吉限制减刑。被告人唐立霞犯拐卖儿童罪，判处无期徒刑，剥夺政治权利终身，并处没收个人全部财产。,,,,
43,腾讯网,不惧威慑！我驱逐舰官兵讲述遭外军机抵近绕飞：随时能一箭飞空,https://view.inews.qq.com/a/20241031V0378N00,2024-10-31 10:48:51,海客军事,太平洋某海域，太原舰在执行远海战备巡逻任务时，曾遭到外军机异常抵近。听官兵讲述太平洋某海域，太原舰在执行远海战备巡逻任务时，曾遭到外军机异常抵近。听官兵讲述,,,,
44,腾讯网,联大连续第32次通过决议 敦促美国终止对古巴经济、商业和金融封锁,https://view.inews.qq.com/a/20241031V01X7S00,2024-10-31 09:08:03,海客新闻,,,,,
45,腾讯网,加沙流离失所者：无处可逃 只有躲到天上才安全,https://view.inews.qq.com/a/20241031V025Z000,2024-10-31 09:31:43,海客军事,巴勒斯坦加沙地带持续遭以军袭击，对当地民众来说早已无“安全区”可言巴勒斯坦加沙地带持续遭以军袭击，对当地民众来说早已无“安全区”可言,,,,
46,腾讯网,欧盟公布对华电动汽车反补贴调查终裁结果 外交部：典型贸易保护主义行为,https://view.inews.qq.com/a/20241030V06I1W00,2024-10-30 16:13:37,海客新闻,10月30日，外交部发言人林剑主持例行记者会。10月30日，外交部发言人林剑主持例行记者会。,,,,
47,腾讯网,实拍俄罗斯战略核力量演习 普京亲自下令3枚洲际导弹呼啸升空,https://view.inews.qq.com/a/20241030V01DIK00,2024-10-30 08:23:53,青蜂侠,俄罗斯国防部当地时间10月29日公布的消息，在俄罗斯战略核力量演习期间，俄军从普列谢茨克航天发射场向位于堪察加半岛的库拉靶场发射了“亚尔斯”洲际弹道导弹。俄罗斯国防部当地时间10月29日公布的消息，在俄罗斯战略核力量演习期间，俄军从普列谢茨克航天发射场向位于堪察加半岛的库拉靶场发射了“亚尔斯”洲际弹道导弹。,,,,
48,腾讯网,马斯克：如果特朗普无法入住白宫，那我们将到不了火星,https://view.inews.qq.com/a/20241030V02AFD00,2024-10-30 10:00:32,青蜂侠,"当地时间10月29日,马斯克称计划两年内向火星发射无人星际飞船。并表示如果特朗普入主白宫，那么将有望在10年之内可以完成“火星移民”计划。如果是非特朗普政府，那么将因为“受到过度监管”无法到达火星。当地时间10月29日,马斯克称计划两年内向火星发射无人星际飞船。并表示如果特朗普入主白宫，那么将有望在10年之内可以完成“火星移民”计划。如果是非特朗普政府，那么将因为“受到过度监管”无法到达火星。",,,,
49,腾讯网,加沙医院院长：医院和我的孩子都没了 只剩2名医生面对145名伤员,https://view.inews.qq.com/a/20241030V06UWQ00,2024-10-30 16:45:08,海客新闻,加沙地带卡迈勒•阿德万医院院长胡萨姆•萨菲亚表示，医院的情况仍然是“灾难性的”，仅剩2名医生面对超过145名急需手术的伤员。而让他伤心的是，他的儿子也死于以军的袭击。加沙地带卡迈勒•阿德万医院院长胡萨姆•萨菲亚表示，医院的情况仍然是“灾难性的”，仅剩2名医生面对超过145名急需手术的伤员。而让他伤心的是，他的儿子也死于以军的袭击。,,,,
50,腾讯网,揪心一幕！加沙医护人员从担架中认出母亲遗体 “我刚才还不知道这是她”,https://view.inews.qq.com/a/20241031V03GOO00,2024-10-31 11:05:55,世面,,,,,
51,腾讯网,加沙流离失所者：无处可逃 只有躲到天上才安全,https://view.inews.qq.com/a/20241031V025Z000,2024-10-31 09:31:43,海客军事,巴勒斯坦加沙地带持续遭以军袭击，对当地民众来说早已无“安全区”可言巴勒斯坦加沙地带持续遭以军袭击，对当地民众来说早已无“安全区”可言,,,,
52,腾讯网,独家采访：美半导体总裁称美国限制并不必要,https://view.inews.qq.com/a/20241031V01QJ800,2024-10-31 08:47:54,玉渊谭天,当地时间10月28日，美国财政部发布限制美国个人和公司对中国半导体、人工智能等领域投资的规则。美国企业对这一规则怎么看？谭主和美国半导体行业协会总裁约翰·诺伊弗聊了聊，听听来自行业的声音。#美半导体协会呼吁加强对话当地时间10月28日，美国财政部发布限制美国个人和公司对中国半导体、人工智能等领域投资的规则。美国企业对这一规则怎么看？谭主和美国半导体行业协会总裁约翰·诺伊弗聊了聊，听听来自行业的声音。#美半导体协会呼吁加强对话,,,,
53,腾讯网,“希望她能成为美国总统！”印度教教徒举行仪式，祈祷哈里斯获胜,https://view.inews.qq.com/a/20241031V01O7100,2024-10-31 08:38:10,寰球看点,当地时间10月29日，印度南部特伦甘纳邦的印度教教徒为美国民主党总统候选人、副总统哈里斯举行祈祷活动。希望哈里斯在下月5号的美国大选中获胜，成为美国历史上首位女总统。哈里斯1964年10月20日出生于美国加利福尼亚州奥克兰，父亲是非洲裔牙买加移民， 母亲是来自印度南部的泰米尔人。当地时间10月29日，印度南部特伦甘纳邦的印度教教徒为美国民主党总统候选人、副总统哈里斯举行祈祷活动。希望哈里斯在下月5号的美国大选中获胜，成为美国历史上首位女总统。哈里斯1964年10月20日出生于美国加利福尼亚州奥克兰，父亲是非洲裔牙买加移民， 母亲是来自印度南部的泰米尔人。,,,,
54,腾讯网,拜登称特朗普支持者是“垃圾”，特朗普开垃圾车回击：真是耻辱,https://view.inews.qq.com/a/20241031V01JU600,2024-10-31 08:19:59,世面,10月30日，拜登称特朗普支持者是垃圾引巨大争议后，特朗普开着一辆垃圾车前往威斯康星州的竞选集会。特朗普身穿橙色反光背心，坐在垃圾车里回答记者的提问。哈里斯当天也被问及拜登的“垃圾”言论，她称拜登澄清了自己的评论，但她强烈反对因为民众的投票选择而对他们发出批评。29日，拜登在回应特朗普集会一嘉宾涉种族歧视言论时称特朗普的支持者都是“垃圾”。拜登随后发文澄清称“垃圾”是在形容这名嘉宾发表的仇恨言论。10月30日，拜登称特朗普支持者是垃圾引巨大争议后，特朗普开着一辆垃圾车前往威斯康星州的竞选集会。特朗普身穿橙色反光背心，坐在垃圾车里回答记者的提问。哈里斯当天也被问及拜登的“垃圾”言论，她称拜登澄清了自己的评论，但她强烈反对因为民众的投票选择而对他们发出批评。29日，拜登在回应特朗普集会一嘉宾涉种族歧视言论时称特朗普的支持者都是“垃圾”。拜登随后发文澄清称“垃圾”是在形容这名嘉宾发表的仇恨言论。,,,,
55,腾讯网,美国大选“第二眼”| 金钱之路,https://view.inews.qq.com/a/20241030V0A5ZK00,2024-10-31 07:00:00,大局观,每逢大选年，美国政坛就宛如上演一场豪赌，而金钱则是这场竞赛中最不可忽视的筹码。今年大选，美国亿万富翁马斯克高调入局成为特朗普“最富有的政治盟友”，引发人们高度关注。人们很好奇，到底是谁在为候选人买单？这些资金在竞选过程中又是如何发挥作用的？钱，究竟在多大程度上左右着美国的政治走向？上海社科院国际问题研究所副研究员柯静为您解读。每逢大选年，美国政坛就宛如上演一场豪赌，而金钱则是这场竞赛中最不可忽视的筹码。今年大选，美国亿万富翁马斯克高调入局成为特朗普“最富有的政治盟友”，引发人们高度关注。人们很好奇，到底是谁在为候选人买单？这些资金在竞选过程中又是如何发挥作用的？钱，究竟在多大程度上左右着美国的政治走向？上海社科院国际问题研究所副研究员柯静为您解读。,,,,
56,腾讯网,联大压倒性通过决议：要求美国终止对古巴经济封锁和制裁 全场响起热烈掌声,https://view.inews.qq.com/a/20241031V015F600,2024-10-31 06:57:44,海客新闻,当地时间10月30日，第79届联大针对“必须终止美国对古巴的经济、商业和金融封锁”完成一般性辩论后，就A/79/L.6决议草案进行投票，结果为187票赞成，2票反对，1票弃权，其中美国和以色列投下反对票。当地时间10月30日，第79届联大针对“必须终止美国对古巴的经济、商业和金融封锁”完成一般性辩论后，就A/79/L.6决议草案进行投票，结果为187票赞成，2票反对，1票弃权，其中美国和以色列投下反对票。,,,,
57,腾讯网,特朗普：美国现在由一群蠢货统治着 只有我当总统股市才会上涨,https://view.inews.qq.com/a/20241030V09OTM00,2024-10-30 21:08:08,WatchThis看世界,特朗普：美国现在由一群蠢货统治着 只有我当总统股市才会上涨。特朗普：美国现在由一群蠢货统治着 只有我当总统股市才会上涨。,,,,
58,腾讯网,特朗普暗示民主党选举舞弊：2500张选民登记表笔迹相同 难道是巧合,https://view.inews.qq.com/a/20241030V05WKB00,2024-10-30 15:25:25,WatchThis看世界,特朗普暗示民主党选举舞弊：2500张选民登记表笔迹相同 这难道是巧合？特朗普暗示民主党选举舞弊：2500张选民登记表笔迹相同 这难道是巧合？,,,,
59,腾讯网,美国大选即将开始 在哈里斯家乡街访民众：投票给哈里斯还是特朗普？,https://view.inews.qq.com/a/20241030V05SRC00,2024-10-30 15:12:03,WatchThis看世界,美国大选即将开始 在哈里斯的家乡街访当地民众：投票给哈里斯还是特朗普美国大选即将开始 在哈里斯的家乡街访当地民众：投票给哈里斯还是特朗普,,,,
60,腾讯网,诺奖得主辛顿：如果大幅提高生产力，富人会变得更富，穷人会变得更穷,https://view.inews.qq.com/a/20241029V06MOI00,2024-10-31 08:06:17,硬核翻译局,10月26日，辛顿在彭博社中介绍AI对人们生活和生计有深刻影响，提升效率可能导致财富分配不均，普通人面临失业风险。10月26日，辛顿在彭博社中介绍AI对人们生活和生计有深刻影响，提升效率可能导致财富分配不均，普通人面临失业风险。,,,,
61,腾讯网,OPPO Find X8全面测评：由内到外，对标苹果,https://view.inews.qq.com/a/20241025V037KZ00,2024-10-30 07:52:38,小白测评,#OPPO Find X8# 的外观前几天已经公布了，如果只看ID，那是“果味十足”的轻薄直屏！实际用起来咋样？天玑9400+潮汐引擎调校如何？轻薄能否兼顾影像续航？本期全面实测！兄弟们记得转发点赞，感谢啦～#OPPO Find X8# 的外观前几天已经公布了，如果只看ID，那是“果味十足”的轻薄直屏！实际用起来咋样？天玑9400+潮汐引擎调校如何？轻薄能否兼顾影像续航？本期全面实测！兄弟们记得转发点赞，感谢啦～,,,,
62,腾讯网,从MIT辍学，这位19岁华裔男孩创办AI公司，白手起家成亿万富翁,https://view.inews.qq.com/a/20241029V06JZX00,2024-10-29 17:14:55,硬核翻译局,10月27日，外媒介绍Scale AI的创始人兼CEO亚历山大·王，他的公司为科技巨头提供关键数据，推动人工智能技术发展。10月27日，外媒介绍Scale AI的创始人兼CEO亚历山大·王，他的公司为科技巨头提供关键数据，推动人工智能技术发展。,,,,
63,腾讯网,三折手机，是未来吗？华为Mate XT评测,https://view.inews.qq.com/a/20241028V07YBC00,2024-10-29 09:07:17,影视飓风,在折叠屏已经不再新鲜的当下，华为推出的这款五位数的三折叠手机——Mate XT，究竟是噱头，还是实打实的生产力和影音体验的提升？它会给生活带来怎样的变化？如果你喜欢这期节目，请多多支持我们，并把视频分享给其他朋友一起看看！在折叠屏已经不再新鲜的当下，华为推出的这款五位数的三折叠手机——Mate XT，究竟是噱头，还是实打实的生产力和影音体验的提升？它会给生活带来怎样的变化？如果你喜欢这期节目，请多多支持我们，并把视频分享给其他朋友一起看看！,,,,
64,腾讯网,埃隆·马斯克：我们将在大约两年内将星际飞船发送到火星,https://view.inews.qq.com/a/20241028V033IZ00,2024-10-28 10:53:22,硬核翻译局,,,,,
65,腾讯网,神舟十九号船箭组合体计划将于近日择机发射 蓄势待发！,https://view.inews.qq.com/a/20241028V0223D00,2024-10-28 09:36:27,央视网,,,,,
66,腾讯网,苹果CEO库克：乔布斯是我一生的老师，他教会了我很多事情,https://view.inews.qq.com/a/20241025V08CNM00,2024-10-27 07:27:32,硬核翻译局,10月21日，苹果首席执行官蒂姆·库克接受采访，讲述了他作为报童的第一份工作，谈论了与史蒂夫·乔布斯的合作，感激并庆幸能在苹果工作10月21日，苹果首席执行官蒂姆·库克接受采访，讲述了他作为报童的第一份工作，谈论了与史蒂夫·乔布斯的合作，感激并庆幸能在苹果工作,,,,
67,腾讯网,骁龙8至尊版实测：高通靠自研架构造出了个怪物,https://view.inews.qq.com/a/20241024V09OSI00,2024-10-26 07:52:17,腾讯数码,,,,,
68,腾讯网,OPPO FInd X8 Pro评测：今年的人像滤镜，太绝了,https://view.inews.qq.com/a/20241024V09FQ000,2024-10-25 08:00:00,腾讯数码,,,,,
69,腾讯网,1024程序员节，美团鸿蒙版开发大揭秘,https://view.inews.qq.com/a/20241023V08EE400,2024-10-24 10:18:36,Eva的科技生活,大家几乎每天都在用的美团，当遇上了HarmonyOS NEXT，是如何产生全新“化学反应”的？带着这个问题，在1024程序员节这天，李姐专门拜访了美团外卖终端研发负责人杜瑶，和他聊了聊鸿蒙原生版美团从0到1的故事～大家几乎每天都在用的美团，当遇上了HarmonyOS NEXT，是如何产生全新“化学反应”的？带着这个问题，在1024程序员节这天，李姐专门拜访了美团外卖终端研发负责人杜瑶，和他聊了聊鸿蒙原生版美团从0到1的故事～,,,,
70,腾讯网,刘晓庆最新语音曝光，不觉得私密语音是羞耻，霸气发言像翻版武则天,https://view.inews.qq.com/a/20241031V0418R00,2024-10-31 11:50:08,娱乐呱呱达,刘晓庆最新语音曝光，不觉得私密语音是羞耻，霸气发言像翻版武则天,22.0,41.0,12.0,
71,腾讯网,乔任梁父母回应儿子“死因及遗体传闻”，呼吁不信谣不传谣，乔任梁好友也发声,https://view.inews.qq.com/a/20241031V04EWG00,2024-10-31 12:27:32,星知道,,50.0,46.0,19.0,
72,腾讯网,云朵终于不再沉默，拿起法律武器严正声明：背叛师父刀郎等传言不实,https://view.inews.qq.com/a/20241030V060WP00,2024-10-30 15:39:53,黑猫Music,,790.0,320.0,737.0,
73,腾讯网,金鸡奖大赢家！王一博三部作品横扫18项提名,https://view.inews.qq.com/a/20241031V047JW00,2024-10-31 15:00:00,今娱扒妹,金鸡奖大赢家！王一博三部作品横扫18项提名,6.0,,3.0,
74,腾讯网,神仙领导！不愧是这么成功的大网红，员工说的话她都听,https://view.inews.qq.com/a/20241030V07EVX00,2024-10-31 14:15:30,不止于她,,6.0,,8.0,
75,腾讯网,74岁 正是该闯的年纪,https://view.inews.qq.com/a/20241031V035P000,2024-10-31 10:45:33,新闻哥,,108.0,31.0,13.0,
76,腾讯网,点赞过亿的全网最牛游戏主播自曝直播话术诀窍：提前看粉丝的评论找灵感,https://view.inews.qq.com/a/20241029V06FMW00,2024-10-29 16:23:14,来场复盘局,,27.0,16.0,6.0,
77,腾讯网,《小巷人家》：冲着闫妮蒋欣追剧，却被小演员圈粉！小林栋哲太可爱了,https://view.inews.qq.com/a/20241031A04IBK00,2024-10-31 12:42:44,第一滴露珠,正在热播的年代剧《小巷人家》你看了没有？如果没看，建议赶紧看，因为真的——超好看！      已经好久没看过这么温馨欢乐的年代剧了，《小巷人家》的剧情，没有狗血和悬浮，描绘的都是那个年代朴素的人和事....,16.0,16.0,6.0,6683.0
78,腾讯网,2024王者荣耀共创之夜杀疯了！沈腾杨幂跳舞助阵周深，鞠婧祎舞台超甜,https://view.inews.qq.com/a/20241029V080K100,2024-10-29 18:25:26,小唧音乐,,24.0,4.0,7.0,
79,腾讯网,《春花焰》大结局全员be，眉林大婚后毒发身亡，慕容璟和孤独终老未再娶妻,https://view.inews.qq.com/a/20241030V09X1K00,2024-10-30 21:39:10,贵圈星娱,,37.0,10.0,24.0,
80,腾讯网,继周雨彤后，荣梓杉也被审判了，这是牵出萝卜带出泥啊,https://view.inews.qq.com/a/20241031A01A9100,2024-10-31 07:24:08,麻辣表哥,花学的风还在继续刮，这次吹到荣梓杉。      先介绍主角。      荣梓杉是06年的，签约的是壹同制作，陈思诚的公司。      第一部出圈作品是《隐秘的角落》，那时候才14岁。      之后....,75.0,50.0,72.0,37383.0
81,腾讯网,专访刘学义：男人千万不能觉得自己帅，一觉得帅就变油，一油就恶心了,https://view.inews.qq.com/a/20241031V02F5500,2024-10-31 09:53:54,阿欢的名单,,36.0,11.0,26.0,
82,腾讯网,古偶剧不再需要大量配音后，00后新人就业难，机会少，底层群杂都难得,https://view.inews.qq.com/a/20241031V00U3800,2024-10-31 09:00:00,贵圈见证实录,,9.0,6.0,7.0,
83,腾讯网,侯明昊被陈好贴脸开大，花学语录再更新：咱们有钱但你们不想吃,https://view.inews.qq.com/a/20241031V02SBN00,2024-10-31 10:21:01,抓马星娱,,6.0,,,
84,腾讯网,《西游》第一个定下来的演员，“观音菩萨”左大玢功成名退，一生奉献给湘剧｜老牌新番,https://view.inews.qq.com/a/20241029V09UCG00,2024-10-29 22:21:36,猫痴娱,,125.0,25.0,14.0,
85,腾讯网,人生七十古来稀，正是晓庆恋爱时,https://view.inews.qq.com/a/20241031A0097700,2024-10-31 00:15:52,高能E蓓子,Let's普天同庆，今天是刘晓庆74岁生日！请把庆奶名言刻在烟上吸入肺里：“美国人78岁竞选总统，法国人78岁还在谈恋爱。我现在正是年华！”庆奶文学，萧亚轩看了都要瑞思拜，“月光剧本”在她面前都属小儿科，女皇的人生精彩程度放眼内娱无人可比。庆奶和她的小狗文学&nbsp;人生七十古来稀，正是庆奶热恋时。在2024年，你还...,435.0,1091.0,310.0,93511.0
86,腾讯网,地下偶像，向上疯长,https://view.inews.qq.com/a/20241029A09LWK00,2024-10-30 12:13:49,惊蛰研究所,‍‍      作者|小冬      声明|题图来源于网络。      惊蛰研究所原创文章，如需转载请留言申请开白。      仅能容纳数百人的商场小剧场或者Livehouse里人头攒动。舞台下，一....,17.0,17.0,,1653.0
87,腾讯网,为啥说《大梦归离》，程潇是唯一人族？原来田嘉瑞才是隐藏大妖,https://view.inews.qq.com/a/20241031V02ZGH00,2024-10-31 10:34:53,说书的李美人,为啥说《大梦归离》，程潇是唯一人族？原来田嘉瑞才是隐藏大妖,2.0,,,
88,腾讯网,难以想象赵丽颖从85花完美蜕变，竟然只发生在短短三个月里,https://view.inews.qq.com/a/20241030V07U2X00,2024-10-30 17:52:43,九月清宫啊,,57.0,9.0,6.0,
89,腾讯网,要求老公“净身出户”，给李行亮当妈，麦琳的精神PUA比杨子还狠！,https://view.inews.qq.com/a/20241030V07E8T00,2024-10-30 17:24:52,豆丁大碎嘴,逼老公净身出户，给李行亮当妈，麦琳的精神PUA比杨子还狠！,93.0,33.0,59.0,
90,腾讯网,音乐缘黄子弘凡舞台盘点：台上唱功表现力新声可畏，台下造梗喜剧人,https://view.inews.qq.com/a/20241030V0A63U00,2024-10-30 22:11:27,若尘有约,10月27日音乐缘计划第一季收官，黄子弘凡舞台盘点：台上唱功表现力新声可畏，台下造梗喜剧人,1.0,,,
91,腾讯网,两条命运的神奇交汇，张晚意最新古风家宅爱情剧有多精美？,https://view.inews.qq.com/a/20241031V00S7F00,2024-10-31 08:20:00,安伍迪,,2.0,,,
92,腾讯网,花学变“彤学”，未必是艺人之祸,https://view.inews.qq.com/a/20241029A09G6200,2024-10-29 21:12:18,犀牛娱乐官方,·泛娱乐顶尖自媒体  只讲干货和硬逻辑点击上方蓝色字关注  犀牛娱乐犀牛娱乐原创文｜方正    编辑｜朴芳2024之于真人秀行业，是值得被铭记的。前有黄磊做饭被赛博鞭尸，后有雨彤领衔花学的文艺复兴，综艺再次以“课件”的形式被广大网友积极研学。在目前B站、豆瓣、抖音的主流声音里，《花少6》成了足以对标《花少2》...,2.0,2.0,1.0,510.0
93,腾讯网,虞书欣丁禹兮穿书攻略，《永夜星河》好带感！,https://view.inews.qq.com/a/20241031V02H3S00,2024-10-31 09:58:43,透明的三三,虞书欣丁禹兮：永夜星河,1.0,,,
94,腾讯网,只为一人执念一生，丞磊娜扎BE感拉满《大梦归离》,https://view.inews.qq.com/a/20241031V004ZU00,2024-10-31 00:07:13,萝啵酱酱,,5.0,3.0,,
95,腾讯网,郑伊健谈《古惑仔》：陈浩南给了我很多东西，但我当时不想拍这部电影,https://view.inews.qq.com/a/20241031V04VRJ00,2024-10-31 13:35:31,一个字头的诞生,郑伊健谈《古惑仔》，以前觉得自己只有陈浩南这个角色，但现在觉得这也是一种荣幸。,9.0,2.0,3.0,
96,腾讯网,王菲女儿窦靖童又火了！上海开启演唱会，歌声与妈妈如出一辙,https://view.inews.qq.com/a/20241029V06TBZ00,2024-10-29 17:11:58,喜悦Music,,595.0,175.0,208.0,
97,腾讯网,《大梦归离》能爆火，这7首ost功不可没，BGM一响太上头了,https://view.inews.qq.com/a/20241029V06IRS00,2024-10-29 16:31:19,欣姐音娱,,23.0,5.0,4.0,
98,腾讯网,新好莱坞大师惊天名作，今夜燃情上映！,https://view.inews.qq.com/a/20241031A02KLL00,2024-10-31 10:00:00,幕味儿,北京今日放映 | 2024.10.31 周四十月最后一天，电影资料馆艺术影院为您带来新好莱坞电影大师布莱恩·德·帕尔玛传世名作《魔女嘉莉》，影片改编自史蒂芬·金原著小说，由茜茜·斯派塞克领衔主演。这个因校园霸凌而起的青春故事以其惊世骇俗的高潮段落而影史留名。本场观众可凭影票在开场前于影院大厅免费换取【《电影狂想》...,,,,10.0
99,腾讯网,“复仇大女主”成就热度，《黑色月光》却没能成为下一个“新闻女王”？,https://view.inews.qq.com/a/20241029A0A4P800,2024-10-29 23:26:01,娱乐独角兽,​作者| 李寻欢编辑| Mia港产话题热剧再现江湖。由优酷、TVB联合出品，钟澍佳监制，姜振杰、冯曦舜、尹吉度导演，TVB视后杨茜尧（杨怡）领衔主演，王浩信、林夏薇、马志威、黄翠如、杨卓娜、等人主演的复仇爽剧《黑色月光》于10月9日正式上线，隶属于优酷生花剧场X港剧场，开播后在优酷站内热度便迅速突破8000，大结局前更...,5.0,6.0,13.0,2760.0
100,腾讯网,北美首映破亿登榜1，《小飞象》导演精品制作，为何豆瓣仅6.6分？,https://view.inews.qq.com/a/20241029A05URO00,2024-10-29 18:30:00,Sir电影,地球球花，莫妮卡·贝鲁奇。      破碎了……      有多碎呢？      五体投地、大卸八块、阴暗爬行……      最后如同拼图般，一点点聚拢在一起，最后还拿出打钉枪，在脸上微do。   ....,10.0,1.0,,1217.0
101,腾讯网,瑞秋悼念钱德勒去世一周年，晒与马修派瑞合照感慨：一年了,https://view.inews.qq.com/a/20241029V07ARU00,2024-10-29 17:40:04,娱8嘴,10月28日是《老友记》钱德勒扮演者马修·派瑞去世一周年，“瑞秋”扮演者詹妮弗·安妮斯顿在社交平台发文悼念。她晒出与马修·派瑞合照，并配文：“一年了”。2023年10月28日下午4点左右，马修·派瑞因麻醉剂氯胺酮的急性期副作用去世，终年54岁。,6.0,2.0,,
102,腾讯网,改变吴谨言命运的3个人，于正只是其一，上大学时就有人力捧了 | 娱乐圈人脉背调,https://view.inews.qq.com/a/20241029V07GV700,2024-10-29 17:51:34,郑常背调,改变爽剧大女主吴谨言命运的3个人，于正只是其一，上大学时就有人力捧了,32.0,7.0,2.0,
103,腾讯网,搞笑改编薛之谦《天外来物》，神吐槽黄磊”你像天外毒物一样饭菜乱做”,https://view.inews.qq.com/a/20241030V08DMO00,2024-10-30 18:39:46,渣渣与脆脆Shark,薛之谦新歌《天外毒物》,10.0,5.0,1.0,
104,腾讯网,《小巷人家》入股不亏，正午阳光拍年代剧是有两把刷子的,https://view.inews.qq.com/a/20241029A0A4V600,2024-10-29 23:27:27,七话,“正午出品，必属精品”这句话，在近几年不少口碑两极分化的正午剧影响下已经成了过去式，但若将这句话限定在“年代题材”，仍旧适用。      从曾经的《父母爱情》到聚集时代变迁的《大江大河》，再到脱贫题....,4.0,8.0,1.0,2682.0
105,腾讯网,李子柒归来，还是田园一姐吗？,https://view.inews.qq.com/a/20241030A09QRI00,2024-10-30 21:13:20,骨朵网络影视,文｜宝珠‍‍‍‍‍‍‍‍‍‍‍‍‍‍‍‍‍李子柒要回来了？几天前，#李子柒营业了#登上热搜第一。离开屏幕一年的她现身“强国熊猫周”宣传视频，身着旗袍、扎着辫子，变身“熊猫姐姐”穿梭于竹林间，几只大熊猫憨态可掬。视频中李子柒轻声介绍熊猫生活习性，还参与了保护区的日常维护工作。针对她的此次露面，网友纷纷表...,29.0,14.0,14.0,10888.0
106,腾讯网,国内首部4K全景声大型情景史诗舞台艺术电影《伟大征程》盛大公映,https://view.inews.qq.com/a/20241031A0329800,2024-10-31 10:39:45,华影嘉视,10月31日，由中央新闻纪录电影制片厂（集团）出品、华夏电影发行有限责任公司发行的纪录电影《伟大征程》正式公映。这部历时数年精心打造、国内首部采用4K全景声技术的大型情景史诗舞台艺术电影将在全国的4K影厅陆续与观众见面，并借助高科技影像和声音设备，以史诗般的情景演绎，生动再现了中国共产党成立百年历程中的辉煌...,,1.0,,1.0
107,腾讯网,11月观影指南：想看的不少，能卖的不多！,https://view.inews.qq.com/a/20241030V0AGFD00,2024-10-30 22:58:31,蛋蛋秀,,4.0,3.0,,
108,腾讯网,《小巷人家》：林栋哲跳级，宋莹乐开了花，谁说调皮的孩子不聪明,https://view.inews.qq.com/a/20241031V032TB00,2024-10-31 10:40:31,晴晴的娱乐日记,,5.0,2.0,1.0,
109,腾讯网,大冰：骂我，你说的都对,https://view.inews.qq.com/a/20241029A07USE00,2024-10-29 18:20:53,最人物,刚过完44岁生日的大冰怕是也没有想到，人生会有如此多的起落。曾经，他是野生作家、民谣歌手、油画画师、黄金左脸……门下走狗无数，大冰的小屋里挤满前来朝圣的文艺青年。2019年后，他身上的光环迅速暗淡，人们对大冰的审判多于赞美，小屋冷落，冰学诞生。而大冰的口碑又是从什么时候再次翻转的呢？是人们发现，“黄金左脸...,35.0,55.0,9.0,6818.0
110,腾讯网,吞噬星空血洛大陆剧场版：终于定档！为完美世界特别篇让步,https://view.inews.qq.com/a/20241030V05CFR00,2024-10-30 14:12:46,梦境动漫,,3.0,3.0,,
111,腾讯网,85流量花，不是“烂片”护身符,https://view.inews.qq.com/a/20241029A08GDQ00,2024-10-29 19:25:36,剧能说,《乔妍的心事》硬伤不少，最多算是平庸之作。但很多人不愿意承认，这种心态其实很好理解，赵丽颖接连拿下两个视后奖杯，“下一站影后”的畅想刚刚展开，《乔妍的心事》就像一盆冷水，兜头泼了过来。同样的剧情，甚至是第二次上演——拿飞天，6.3分的《浴火之路》上映，拿金鹰，类型模糊的《乔妍的心事》上映。两部电影都没...,5.0,1.0,5.0,1174.0
112,腾讯网,全国“哈迷”重返母校，重映电影走向常态化？,https://view.inews.qq.com/a/20241029A08T6500,2024-10-29 20:00:00,娱刺儿,星晖 | 文   陈梅希｜编当海德薇的主题曲再次奏响，谁的青春回来了？10月起，举世闻名的“哈利·波特”全系列电影正式重映，以每周一部的放映节奏登陆中国院线。其中，开篇之作《哈利·波特与魔法石》一经上映便登上了各大社交平台的热搜榜单，首日凭借仅仅6.4%的排片贡献了大盘占比22.4%的票房，出彩的产出比例引发热议...,2.0,3.0,,158.0
113,腾讯网,近期热门网络热门歌曲盘点之《苹果香》，硬控中老年用户,https://view.inews.qq.com/a/20241030V07PIP00,2024-10-30 17:43:57,胡侃音乐-官方,,4.0,,1.0,
114,腾讯网,女性脱口秀冒犯了谁？,https://view.inews.qq.com/a/20241029V07BQU00,2024-10-29 17:43:45,周智琛频道,杨笠挑战性别刻板印象，遭遇部分男性用户抵制，学者分析：“她的幽默是对抗不平等的武器”这样的冒犯，你怎么看？,14.0,5.0,3.0,
115,腾讯网,韩国小厂男团生存之路有多难？U-KISS成员介绍,https://view.inews.qq.com/a/20241027V06NIV00,2024-10-29 09:00:00,赛博威队长,【一天一个团009】努力进取 人员勤更替的小厂男团 U-KISS 下篇 成员介绍,7.0,1.0,,
116,腾讯网,ITZY新曲《Imaginary Friend》上线！久违的二代曲风好适合一击啊,https://view.inews.qq.com/a/20241030V05HHY00,2024-10-30 14:33:22,KPOP现场搬运王,,3.0,1.0,,
117,腾讯网,辰咪CP的错过，是《心动7》最深刻的“BE美学”,https://view.inews.qq.com/a/20241029A09JVK00,2024-10-29 21:28:59,AKA桃叨叨,‍‍作者/阿朕一边是从一而终的坚定选择，“你让我看到了更加勇敢的我”；一边是被动纠结中依然忍不住靠近，“如果有机会一起看看这个世界”，当两份同样热诚深情的告白放在眼前，你会选择哪一个？《心动的信号7》迎来告白夜，围绕赵牧辰、阮小咪、李定豪与刘雨璠的“大四角”关系将悬念保留到最后一刻：雨璠选择提前下车去...,10.0,6.0,7.0,2787.0
118,腾讯网,郭敬明：永远年轻，永远故弄玄虚,https://view.inews.qq.com/a/20241029A08RC700,2024-10-29 19:58:13,文娱先声,作者 | 花花        编辑 | 先声编辑部‍‍‍内娱铁律之一，当一部作品的幕后人员开始上蹿下跳找存在感，那这戏多半是要扑了。原本古装剧《大梦归离》平平无奇地空降，没什么水花，但导演郭敬明狂删微博，留下悬念之后，《大梦归离》迅速制霸微博热搜。在制造舆论上，郭导还是那个郭导。《大梦归离》依然是郭敬明熟悉...,16.0,6.0,5.0,5340.0
119,腾讯网,《音乐缘计划》告别晚会开播，所有遗憾都被弥补，诞生神仙舞台无数,https://view.inews.qq.com/a/20241029V06YAE00,2024-10-29 17:19:09,蛋蛋Music,《音乐缘计划》告别晚会开播，所有遗憾都被弥补，诞生神仙舞台无数,51.0,6.0,10.0,
120,腾讯网,学习原声｜以大开放促进大开发——总书记这样谋划新时代西部大开发,https://view.inews.qq.com/a/20241030A03S3W00,2024-10-30 11:26:48,新华社全媒报道平台,2024年10月25日5时许，一列装载汽车电子零配件等货物的“东盟快班”缓缓驶出重庆团结村中心站。这是从重庆正式发出的首趟“东盟快班”，标志着西部陆海新通道与中欧班列两大贸易通道在这里实现“无缝衔接”。西部陆海新通道，这是习近平总书记近期考察中，多次关注的一条贸易线。  2024年7月30日，在重庆国际物流枢纽园区...,21.0,7.0,5.0,1316.0
121,腾讯网,姐姐为弟追凶26年：伪装身份接近嫌犯，为不露破绽舌头咬出血又咽下去,https://view.inews.qq.com/a/20241031A04W2I00,2024-10-31 14:23:00,紧急呼叫,“姐姐为亡弟追凶26年案” ，11月1日将在广东湛江中院开庭。受害者李焕平姐姐李海玉接受我们视频专访时称，她曾在易某华家附近蹲守多年，为了和易某华套近乎，她谎称自己和丈夫给易某华打过工，在确认易某华的身份后，她把舌头咬破了，为不露破绽把血咽下去。2020年5月易某华被警方抓获，因证据不足，易某华被抓获半年后又...,695.0,137.0,322.0,169059.0
122,腾讯网,国防部：中俄深化务实合作 维护全球战略稳定,https://view.inews.qq.com/a/20241031A0688200,2024-10-31 16:00:32,中国军网,10月31日下午，国防部举行例行记者会，国防部新闻发言人张晓刚大校答记者问。记者：据报道，美太空军高官称，中俄合作日益密切且持续发展，已形成同盟关系。请问发言人有何评论？张晓刚：美方有关言论蓄意曲解中俄关系，妄图误导国际社会，我们对此表示反对。今年是中俄建交75周年，75年来两国关系风雨兼程，探索出“不结盟...,66.0,54.0,16.0,12172.0
123,腾讯网,追光 | 燃情冰雪！亚冬会火炬、奖牌亮相,https://view.inews.qq.com/a/20241030A09ZBV00,2024-10-30 21:46:24,新华社新闻,距离2025年第九届亚冬会开幕还有100天时间30日晚，亚冬会火炬和奖牌正式亮相啦火炬的主题为“澎湃”取汹涌澎湃之意寓意着本届亚冬会将充满活力与激情火炬整体高度约为735毫米兼具现代与古典的美感整体造型似绽放的丁香花这也是哈尔滨的市花而中国红、丁香紫、冰雪白等色彩的结合则象征着真诚豁达、热情洋溢、开放包容的举办...,9.0,3.0,1.0,599.0
124,腾讯网,朝鲜向韩国东部海域发射一枚洲际弹道导弹 外交部回应,https://view.inews.qq.com/a/20241031A05V5600,2024-10-31 15:21:46,央视新闻,31日外交部发言人林剑主持例行记者会，有记者问，朝鲜今天向韩国东部海域发射了一枚洲际弹道导弹，这是朝鲜今年以来首次发射洲际弹道导弹。韩国和美国谴责了本次发射，并表示将作出强有力的回应。韩国总统府表示，将与乌克兰开展讨论，派遣特使以应对朝鲜向俄罗斯派兵一事，中方如何看待当前局势？林剑表示，中方注意到有关...,23.0,40.0,15.0,8667.0
125,腾讯网,一桩举报背后的情与法：拿到200万“分手补偿款”后，90后女孩因敲诈勒索被判十年,https://view.inews.qq.com/a/20241031A00GSE00,2024-10-31 16:25:29,成都商报红星新闻,▲阿蕊“你是老刘这辈子最爱的女人，我决不允许任何人伤害你！”这是2018年2月初，“人在旅途”对“小爷”的承诺。“人在旅途”是老刘的微信昵称，彼时他是一家央企某分公司负责人；“小爷”则是90后女孩、公司临聘人员阿蕊的微信昵称。老刘出生于1964年，比阿蕊大27岁，比阿蕊的父亲也仅小1岁。阿蕊的哥哥阿康和老刘的儿子...,959.0,883.0,941.0,236934.0
126,腾讯网,涉故意伤害罪等 湘雅二医院副主任医师刘翔峰一审获刑17年,https://view.inews.qq.com/a/20241031A048PL00,2024-10-31 12:05:00,央视新闻,10月31日，长沙市中级人民法院依法对刘翔峰案一审公开宣判。对被告人刘翔峰以故意伤害罪判处有期徒刑十年；以受贿罪判处有期徒刑三年，并处罚金二十万元；以非国家工作人员受贿罪判处有期徒刑三年，并处罚金十二万元；以职务侵占罪判处有期徒刑三年，并处罚金十万元；数罪并罚，决定执行有期徒刑十七年，并处罚金四十二万元...,1898.0,3217.0,2408.0,390391.0
127,腾讯网,河北4名女高中生因拒绝搭讪遭多名男子殴打？警方通报,https://view.inews.qq.com/a/20241031A062GE00,2024-10-31 15:43:48,界面新闻,...,173.0,64.0,393.0,51739.0
128,腾讯网,国防部：几件美制武器无法改变两岸军事力量对比态势,https://view.inews.qq.com/a/20241031A05TWX00,2024-10-31 15:20:30,中国军网,"10月31日下午，国防部举行例行记者会，国防部新闻发言人张晓刚大校答记者问。记者：据报道，美国国防部宣布批准价值19.88亿美元对台军售案，包括地空导弹系统和雷达系统。请问发言人有何评论？Question: It is reported that the US Department of Defense recently approved arms sales worth of US$1,988 million to Tai...",34.0,41.0,20.0,6009.0
129,腾讯网,任正非：封闭起来就要落后，华为要向美国学习开放性、包容性,https://view.inews.qq.com/a/20241031A04OFS00,2024-10-31 13:07:52,观察者网,10月31日，华为创始人兼总裁任正非与ICPC（国际大学生程序设计竞赛）主席、教练及获奖选手座谈会纪要公布，座谈时间是今年10月14日。在座谈中，针对不同国家选手的提问，任正非谈到了不同国家的特点，同时还对教育、人工智能、大国纷争、年轻人创业、企业发展等话题发表了看法。任正非认为，不管世界如何纷争，理论是公开的...,530.0,752.0,493.0,67854.0
130,腾讯网,北京辟谣│ 鸡蛋过敏的人不能接种流感疫苗？2024年10月“科学”流言榜发布,https://mp.weixin.qq.com/s/zxjrEKP793xUF0YO-2RAww,2024-10-31 14:49:00,,,,,,
131,腾讯网,外媒：俄罗斯政府对谷歌的罚款已成天文数字，远超全球GDP总和,https://view.inews.qq.com/a/20241031A02E6M00,2024-10-31 09:51:24,环球网,【环球网报道】综合俄罗斯塔斯社、英国《每日电讯报》10月30日报道，俄罗斯政府对谷歌的罚款已达约20000000000000000000000000000000000（35位数字）美元，这一数字远超全球GDP总和（2023年为约110万亿美元，是一个15位数字）。谷歌标志 资料图片据报道，谷歌2020年因其旗下视频平台YouTube封杀多个俄罗斯媒体账号败诉，从...,190.0,131.0,119.0,73511.0
132,腾讯网,专家解读：单靠养老金，到底够不够养老？,https://view.inews.qq.com/a/20241031V061WW00,2024-10-31 15:42:28,财富的答案,,5.0,1.0,1.0,
133,腾讯网,两男子吃饭不给钱称“拘留所的”？警方：确系民辅警，开玩笑产生误会,https://view.inews.qq.com/a/20241031A012JP00,2024-10-31 06:27:29,极目新闻,极目新闻记者 邓波10月30日，有网友发视频称，黑龙江省肇东市两名男子在一餐馆吃饭时不付钱，其中一人还自称在拘留所工作。30日下午，肇东市官方向极目新闻记者回应了此事。监控视频显示，10月30日凌晨2时54分，餐馆内一名坐着的男子称自己是拘留所的，店员则说：“在我们家吃饭都一视同仁……一共125元。”旁边另一名男子...,179.0,124.0,552.0,55375.0
134,腾讯网,在联大投票支持解除美国对古巴封锁 阿根廷外长遭总统解职,https://view.inews.qq.com/a/20241031A00WRZ00,2024-10-31 04:44:44,央视新闻,△阿根廷外长蒙迪诺（资料图）当地时间10月30日，阿根廷总统米莱因该国外长蒙迪诺在联合国大会投票支持解除美国对古巴封锁，解除其外长职务。（总台记者 马天静）联大压倒性通过决议 要求美国终止对古巴经济封锁和制裁&gt;&gt; 2024中央广播电视总台版权所有。未经许可，请勿转载使用。...,893.0,252.0,808.0,285897.0
135,腾讯网,河南一男子投资千万建厂遭遇办证难 状告市监局胜诉后仍未拿到证,https://view.inews.qq.com/a/20241030A0AI2F00,2024-10-31 07:29:22,大皖新闻,大皖新闻讯  “我现在很纳闷，如果食品生产许可证能办，怎么才能办；如果不能，又是因为啥？”10月30日，在河南省新乡市辉县市孟庄镇郭村，52岁的姚江（化名）看着重金购置如今却落满灰尘的生产设备，满面愁容地说。姚江身后的厂房目前已闲置姚江是土生土长的郭村人，在制醋行业从事技术工作多年。2022年，其与人合伙，在...,752.0,258.0,2502.0,85920.0
136,腾讯网,四川一幼儿园为迎检要求家长掏240元订购校服？园方：不是迎检，将停止采购并退费,https://view.inews.qq.com/a/20241031A03XI800,2024-10-31 11:42:05,上游新闻,10月29日，有家长在“问政四川”上投诉称，四川巴中市平昌县西兴小学附属幼儿园为应付上级领导检查，要求每位家长出240元统一订购校服。该家长质疑称，幼儿园购买校服，是否增加学生家长的经济负担？老师在群里通知家长到校选取衣服款式。         图片来源/问政四川截图群聊截图显示，该幼儿园老师在群里发布通知称，...,37.0,40.0,124.0,19624.0
137,腾讯网,著名斯诺克运动员奥沙利文成为香港居民,https://view.inews.qq.com/a/20241031A04OTV00,2024-10-31 13:09:16,北京日报客户端,著名斯诺克运动员奥沙利文申请香港优才计划获批，目前已来港成为香港居民。来源：大湾区之声...,59.0,111.0,51.0,13588.0
138,腾讯网,培训机构，重新“霸占”商场,https://view.inews.qq.com/a/20241031A01ZDG00,2024-10-31 09:13:55,中国新闻周刊,最近，生活在宁夏银川的家长陈晨，发现附近一家运营了14年的商场，其定位在今年转变为“一站式亲子教育娱乐中心”。      一种新兴的业态今年受到关注：形成聚集的培训机构，以商业综合体的形态在城市里首....,54.0,157.0,50.0,23594.0
139,腾讯网,狂妄的“8亿书记”，被查当月还在贪,https://view.inews.qq.com/a/20241030A0A8AG00,2024-10-30 22:20:07,环球人物杂志,“你敢种，我敢铲，坚决消灭苞谷杆！”      作者：田亮 冯群星‍‍      靴子落地。      昨天，天津市第二中级人民法院公开宣判第十三届全国人大财政经济委员会原副主任委员、贵州省委原书记....,990.0,506.0,493.0,186655.0
140,腾讯网,知情者：姚明已请辞篮协主席，将由副主任级别以上的专业人士接任,https://view.inews.qq.com/a/20241030A06WBH00,2024-10-30 16:48:21,成都商报红星新闻,10月30日，据自媒体号“后厂村体工队”消息，中国篮协主席姚明辞去篮协主席职务。红星新闻记者从相关知情人士处了解到，姚明已于10月25日提交辞呈，近日国家体育总局召开党组会，但尚不清楚会议是否讨论了姚明的辞职事宜。姚明 图据IC photo作为曾经的职业篮球运动员，司职中锋的姚明于2011年7月20日宣布退役。退役之后，姚...,574.0,1165.0,1730.0,246064.0
141,腾讯网,上海“地面第一长”公交：单程90公里99个站点，司机乘务员得在外过夜,https://view.inews.qq.com/a/20241031A014OZ00,2024-10-31 11:50:19,上观新闻,作为金山石化工程配套项目，上海公交浦卫线于1980年12月开通营运。四十多年过去，单程从最初80公里延长到87.4公里，站点由11个猛增至99个，营运时间却从2小时15分钟迟滞于至少3个半小时以上，客流更是断崖式下跌，多年处于线路“宜终止”的境地。为确保准点发车，工作人员还须在外租房过夜，近10年来搬过三地，休息环境不容...,608.0,331.0,254.0,160948.0
142,腾讯网,“跨省闪婚”调查：有女子领证9个月生孩子 男方做鉴定发现不是自己的,https://view.inews.qq.com/a/20241030A087AE00,2024-10-31 10:05:12,成都商报红星新闻,▲17万8千元的彩礼转账记录红星新闻记者丨王震华 主编丨蓝婧 编辑丨张寻 责编丨魏孔明今年10月27日，张女士和儿子在贵阳一家民宿已经住了五天。这是两人第十次到贵阳。为了挽回“闪婚”后损失的20多万元中介费和彩礼钱，将近一年的时间里，母子二人不停地往返于江苏和贵州。同一天，24岁的南昌姑娘小曾买好了去贵阳的高铁...,599.0,1079.0,757.0,151157.0
143,腾讯网,美媒炒作美国陆军为与中国开战做准备，“都是生意”,https://view.inews.qq.com/a/20241030A07LMZ00,2024-10-30 17:36:42,观察者网,【文/观察者网 杨蓉】本月初，美国太平洋陆军在夏威夷营“联合太平洋多国战备中心”（JPMRC）举行年度大规模轮训。“新载具、面部彩绘和1200英尺的坠落：美国陆军为与中国开战做准备”，美国《纽约时报》10月29日以此为题，刊发长文记录此次演习背后“秘辛”。报道毫不讳言地宣称，不论民主、共和两党谁上台执政，“美国都...,180.0,82.0,150.0,50637.0
144,腾讯网,房贷利率定价新机制明日落地！三个月、半年、一年，我该怎么选？,https://view.inews.qq.com/a/20241031A04GVK00,2024-10-31 12:35:55,央视新闻,明天（11月1日）起，商业性个人住房贷款利率新的定价机制将正式落地。六大行今日发布的公告明确取消了房贷利率重定价周期最短为一年的限制。 贷款人可随时向银行提出将重定价周期调整为三个月、六个月或一年。在整个还款周期里，房贷利率重定价周期只能调整一次。 问题来了，三个月、半年、一年，该怎么选？一文教你“量...,31.0,505.0,11.0,9387.0
145,腾讯网,比亚迪作为电动汽车公司季度营收首次超过特斯拉,https://view.inews.qq.com/a/20241030A08WDH00,2024-10-30 19:38:26,财联社,【比亚迪前三季度净利润252.4亿元 同比增长18.1%】财联社10月30日电，比亚迪前9个月净利润252.4亿元，同比增长18.1%。其中，第三季度净利润116亿元，同比增长11.5%。前三季度，公司实现营业收入5022亿元，同比增长18.94%。...,93.0,181.0,121.0,15721.0
146,腾讯网,金正恩现场观看洲际弹道导弹试射：朝鲜不会改变核武力强化路线,https://view.inews.qq.com/a/20241031A03SAS00,2024-10-31 11:18:37,央视新闻,当地时间10月31日，朝鲜劳动党委员长、国务委员会委员长金正恩称，朝鲜发射洲际弹道导弹是对敌人的应对，朝鲜强化核武装的意志决不会改变。当地时间31日，朝鲜宣布进行了洲际弹道导弹试射。金正恩在试射现场表示，此次发射活动向近来故意加剧地区紧张局势、威胁朝鲜安全的对手明确表示朝鲜的应对意志。朝鲜绝不容许任何威胁...,148.0,75.0,67.0,48241.0
147,腾讯网,12岁女孩体重400斤无法行走，医生：已危及生命,https://view.inews.qq.com/a/20241030A09QXA00,2024-10-30 21:16:06,成都商报红星新闻,10月30日，河南郑州，12岁女孩冰冰身高1米5，体重却严重超标达到400斤！因为长期肥胖，冰冰现在已经出现心脏衰竭，无法行走，只能靠呼吸机维持呼吸，身体上也有多处伤痕。冰冰家人说，因为她从小就比一般孩子重，家人一直控制她的饮食，不知道为什么体重却一直控制不住，每天晚上孩子妈妈和奶奶都不敢安稳睡觉，怕孩子出意...,97.0,186.0,121.0,68186.0
148,腾讯网,丈夫救人牺牲之后,https://view.inews.qq.com/a/20241030A09GF300,2024-10-31 09:00:00,人物,2024年8月10日，河北固安县的永定河中，为救落水的一名男子和三个儿童，栾留伟与赵金溺水身亡。栾留伟和妻子薛巧艳在海淀区开了一家羊蝎子火锅店。时代波动，小店几经浮沉，事发时生意刚有起色。他们的女儿留守在山东老家，只有在暑假，一家四口才能团圆。8月10日，周六，七夕节，是栾留伟小女儿的三岁生日，一趟庆生之旅有...,122.0,28.0,26.0,19850.0
149,腾讯网,任上被拿下的公安厅副厅长获刑，首次披露这一情节，酌情从重处罚,https://view.inews.qq.com/a/20241030A085QZ00,2024-10-30 18:17:56,政知见,撰文丨余晖      在被查一年之后，江苏省公安厅原党委委员、副厅长陈旭获刑。      据“江苏高院”消息，10月30日，陈旭因受贿罪被判处有期徒刑十一年，并处罚金人民币八十万元。      陈旭....,595.0,455.0,291.0,190093.0
150,腾讯网,成都武侯卫健局回应网传“哺乳期妈妈代孕”,https://view.inews.qq.com/a/20241031A05SBC00,2024-10-31 15:15:06,界面新闻,成都市武侯区卫健局通报，针对网络反映哺乳期妈妈代孕情况，该局高度重视，即会同有关单位对相关医疗机构开展调查。一经查实，将依法依规严肃处理。...,8.0,13.0,7.0,2193.0
151,腾讯网,辽宁舰编队完成远海实战化训练 首次开展双航母编队演练,https://view.inews.qq.com/a/20241031A05GHA00,2024-10-31 14:33:09,央视新闻,近日，海军辽宁舰编队圆满完成年度远海实战化训练，安全顺利返回母港。训练期间，编队转战黄海、东海、南海等多个海域，开展实战背景下多个科目综合演练，官兵全程保持高度戒备、随时反应的作战状态。在南海某海域，辽宁舰、山东舰编队首次开展双航母编队演练，锤炼提升航母编队体系作战能力。这次任务横跨中秋、国庆等节日...,1079.0,213.0,321.0,91231.0
152,腾讯网,女子被丈夫碾压死亡案一审再延期 其父：外孙女进妈妈房间 和照片说话,https://view.inews.qq.com/a/20241030A08IEF00,2024-10-30 18:55:12,大皖新闻,大皖新闻讯  10月30日，距离2021年3月6日女儿干婷（化名）被其丈夫开车碾压拖拽致死已经过去1334天。这3年，对于干军（化名）夫妇而言，每天都是数着日子过去。今年1月，该案件被法庭宣布再次休庭后，干军夫妇一直为案件再次开庭而操心。但是没想到，今年4月，干军的妻子不幸中风，只能在轮椅上度日。10月30日下午，干军和...,41.0,83.0,113.0,52221.0
153,腾讯网,南昌警方通报一起刑事案件：男子因情感纠纷用水果刀将女子捅伤致死，被警方当场控制,https://view.inews.qq.com/a/20241031A02SO400,2024-10-31 10:21:44,环球网,10月31日，南昌市公安局红谷滩分局发布警情通报：...,66.0,119.0,20.0,17938.0
154,腾讯网,以黎停火协议草案曝光：若签署 以军将在一周内从黎南部撤离,https://view.inews.qq.com/a/20241031A00UX800,2024-10-31 02:47:58,央视新闻,△黎以临时边界（资料图）总台记者获悉，当地时间10月30日晚，以色列公共广播公司（KAN）披露了以色列和黎巴嫩停火协议草案。该文件据称由美国总统副助理兼能源安全问题高级顾问阿莫斯·霍克斯坦起草，已提交给以色列的政治机构。据报道，这份草案的主要内容是，自签署之日起，将承认并全面实施联合国第1701号决议，特别是...,72.0,58.0,135.0,33218.0
155,腾讯网,成都一临街商铺突发火灾，当地消防通报：明火已扑灭，受伤人员无生命危险,https://view.inews.qq.com/a/20241031A05AX700,2024-10-31 14:22:19,极目新闻,（来源：成都武侯消防）更多精彩资讯请在应用市场下载“极目新闻”客户端，未经授权请勿转载，欢迎提供新闻线索，一经采纳即付报酬。24小时报料热线027-86777777。...,2.0,7.0,,928.0
156,腾讯网,平台高管曾牵头制定骑手处罚制度，如今失业送外卖？知情人：只是基层,https://view.inews.qq.com/a/20241030A08IJX00,2024-10-31 07:46:16,上游新闻,近日，一段名为“处罚骑手的人失业送外卖”的视频引发网络热议，视频中一名叫“帝哥”的男子自称主牵头制定了骑手的管理制度、处罚制度，没想到失业后送外卖自食其果。视频发布后不少网友质疑其疑似为个人自媒体账号炒作，并在平台上举报其过往发布内容。10月30日，上游新闻（报料邮箱：baoliaosy@163.com）记者对此事进行...,202.0,117.0,310.0,119528.0
157,腾讯网,女副省长落马后，丈夫的简历也消失了,https://view.inews.qq.com/a/20241030A08FS000,2024-10-30 18:47:03,中国新闻周刊,国家税务总局陕西省税务局局长包东红简历从官网上被撤下引发关注。媒体报道，数日前任上落马的甘肃省副省长赵金云是其妻子。10月30日，记者查询国家税务总局陕西省税务局网站，网站“领导简介”一栏已无包东红的名字。记者致电国家税务总局陕西省税务局了解情况，陕西省税务局一位工作人员向中国新闻周刊表示：“今天并未看...,117.0,86.0,20.0,53738.0
158,腾讯网,乔任梁父母回应儿子“死因及遗体传闻”，呼吁不信谣不传谣，乔任梁好友也发声,https://view.inews.qq.com/a/20241031V04EWG00,2024-10-31 12:27:32,星知道,,50.0,46.0,19.0,
159,腾讯网,双十一晚会停办，一个消费时代结束了,https://view.inews.qq.com/a/20241030A08VOW00,2024-10-30 19:36:47,晚点LatePost,所有不必要的开支最后都会变成商品价格。      文丨邱豪 管艺雯      编辑丨管艺雯 黄俊杰      2016 年 11 月 9 日，29 万平方米的深圳大运中心，天猫双十一晚会的最后彩排紧....,204.0,285.0,149.0,77462.0
160,腾讯网,不必再等一年！六大银行明起实施存量房贷利率调整新机制,https://view.inews.qq.com/a/20241031A020CL00,2024-10-31 09:09:59,央视新闻,"工商银行、农业银行、中国银行、建设银行、交通银行、邮储银行六大商业银行今天（31日）发布公告，将从明天（11月1日）起,陆续对商业性个人住房贷款利率实行新的定价机制。这也意味着中国人民银行一个月前发布的完善商业性个人住房贷款利率定价机制要求，即将正式落地。根据公告，对于以浮动利率，也就是贷款市场报价利率（...",128.0,1397.0,193.0,53336.0
161,腾讯网,调查显示：我国居民每日使用互联网平均时间为5小时37分钟,https://view.inews.qq.com/a/20241031A044UW00,2024-10-31 11:58:23,新京报,新京报讯（记者姜慧梓）10月31日，国家统计局发布第三次全国时间利用调查公报。结果显示，居民每日睡觉休息活动的平均时间为9小时46分钟，每日劳动就业活动平均时间为3小时28分钟，每日使用互联网平均时间为5小时37分钟。&nbsp;按一周7天计算，我国居民一天的时间如何利用？调查结果显示，在个人生理必需活动领域，居民每日...,9.0,10.0,4.0,1076.0
162,腾讯网,明查｜这是解放军从中印争议边界撤防的视频吗？假,https://view.inews.qq.com/a/20241030A09WUW00,2024-10-30 21:38:32,澎湃新闻,速览- 网传视频的拍摄地点位于四川省甘孜州雅江县境内，此地并非中国与印度的争议边界地区。事件背景近日，海外社交平台上广泛流传一段在山区拍摄的视频。有关说法声称，该视频展示了“中国人民解放军从中印争议边界撤防”。明查网传视频拍摄于何处？网传视频的画面中有一座外立面为黄色的双层建筑物。使用Yandex对包含该建...,63.0,61.0,31.0,25479.0
163,腾讯网,中国对芬兰单方面免签 芬兰总统“三连谢”,https://view.inews.qq.com/a/20241030A090GQ00,2024-10-30 19:50:05,央视新闻,中国决定对芬兰实施单方面免签政策。芬兰总统在接受总台高端访谈独家专访时，对此发出“三连谢”，甚至还蹦了句中文。中方决定将芬兰列入单方面免签政策范围&gt;&gt; 2024中央广播电视总台版权所有。未经许可，请勿转载使用。...,650.0,265.0,339.0,160752.0
164,腾讯网,《反间谍法》通过后首个被捕的韩国人：曾在多家中国芯片大厂工作,https://view.inews.qq.com/a/20241030A07AY500,2024-10-30 17:18:05,观察者网,【文/观察者网 张菁娟】综合韩联社、《朝鲜日报》等媒体报道，韩国外交消息人士28日透露，一名旅华韩国侨民A某因涉嫌违反《中华人民共和国反间谍法》（简称：《反间谍法》）被逮捕。这是《反间谍法》颁布十年来，首次有韩国人被捕。我外交部29日证实，确有一名涉嫌从事间谍活动的韩国公民被依法逮捕，并表示已通知韩国驻华...,453.0,244.0,86.0,83818.0
165,腾讯网,编造“我20岁生日我奶给的就是1.8亿”“24亿存款”等谣言 网民“冬冬安安”被查,https://view.inews.qq.com/a/20241031A03LAH00,2024-10-31 11:15:22,北青Qnews,据贵州网警消息，公安网安部门工作中发现，网民“冬冬安安”在某社交平台发布大量豪车、名画、名表、文物、收藏、24亿存款等信息，还在其它网民发布的视频评论区发布评论称：“我20岁生日我奶给的就是1.8亿”，引发大量网民关注、讨论、质疑、举报。 公安机关网安部门立即开展调查。经查，该网民所晒的豪车、名画、名表、文...,23.0,41.0,33.0,8444.0
166,腾讯网,实探“成都男子持械行凶”事发地：死者为人力公司员工，但不负责招人,https://view.inews.qq.com/a/20241030A07RUC00,2024-10-30 17:47:21,极目新闻,极目新闻记者 沈外10月29日，四川成都高新区合作路一名19岁男子持械行凶，致一名公司职员死亡。此前有传言称，此案或涉及劳资纠纷。10月30日，极目新闻记者实地走访得知，死者陈某某为一家人力资源公司员工，但并不负责招人。据成都市公安局高新区分局警情通报，10月29日9时32分许，犯罪嫌疑人雷某某（男，19岁）来到二楼某...,19.0,348.0,346.0,66599.0
167,腾讯网,山西灵石一村民称父亲坟墓疑被一煤企挖煤时破坏，警方已介入调查,https://view.inews.qq.com/a/20241030V08GTE00,2024-10-30 18:50:23,新京报我们视频,10月30日，山西灵石段纯镇温家庄村民称，父亲坟墓疑被一煤企挖煤时破坏，“我爸是2024年1月份去世下葬，这两天回村里发现父亲墓地没了，尸体也不见了”。该村民称，“从来没有人跟我们商量迁移坟地的事”。涉事煤矿企业上级公司工作人员表示，会将此事汇报给分管领导进行核实。记者多次致电灵石县应急局局长以及段纯镇政府主要负责人，对方电话均未接通。灵石段纯派出所工作人员称，他们已接警，目前此事正调查中。,85.0,95.0,21.0,
168,腾讯网,年轻人已开始养老焦虑，到底如何才能攒够养老钱？,https://view.inews.qq.com/a/20241031V05FOJ00,2024-10-31 14:35:48,财富的答案,,5.0,4.0,,
